,catfreq,catfreq_ttl,OLR,ALB,OLR_TTL,ALB_TTL
CAT1,0.008292131551270487,0.00545136068807288,113.42500305175781,0.6194838285446167,106.7750015258789,0.6332389116287231
CAT2,0.2863414688918748,0.06862389166894353,205.1750030517578,0.2945680320262909,169.3000030517578,0.33179301023483276
CAT3,0.2852523195885935,0.023532736234986768,264.4750061035156,0.1238071545958519,252.9499969482422,0.1036481261253357
CS,0.4201140799682612,,281.8500061035156,0.06769829988479614,,
