,freq,OLR,ALB,OLR_TTL,ALB_TTL
CAT1,3.526347408722196,123.98201751708984,0.6886917948722839,111.11257934570312,0.7024266123771667
CAT2,21.72072218363602,200.99948120117188,0.4348669648170471,135.80072021484375,0.6022137403488159
CAT3,39.58994389995026,269.4509582519531,0.21807409822940826,262.32635498046875,0.22890356183052063
CS,35.16298650769152,298.42083740234375,0.2089608758687973,,
ISO_TTL,0.02462959926085987,285.14666748046875,0.19736957550048828,,
