,freq,OLR,ALB,OLR_TTL,ALB_TTL,TTL_FREQ
CAT1,1.7788972289240361,102.05097961425781,0.6930734515190125,99.72785186767578,0.6977037787437439,0.01629389800967408
CAT2,15.419740023774517,170.425048828125,0.3354797959327698,119.98037719726562,0.5559173822402954,0.03716779198472077
CAT3,35.507039612459145,279.1943664550781,0.08805372565984726,270.9468688964844,0.09804345667362213,0.20885819593486468
CS,47.2943231348423,295.591796875,0.08256103098392487,,,
ISO_TTL,0.01403051265943322,292.7720031738281,0.08305557817220688,,,
