,freq,OLR,ALB,OLR_TTL,ALB_TTL,TTL_FREQ
CAT1,4.869011692296028,104.82087707519531,0.7046099305152893,102.571533203125,0.7090261578559875,0.04318811382523294
CAT2,29.59402859350362,173.82118225097656,0.4344277083873749,125.95205688476562,0.5936744213104248,0.07567679294960146
CAT3,37.731195657766115,267.6316833496094,0.10265903174877167,249.4549560546875,0.1380213052034378,0.2309976496264585
CS,27.80576405643424,283.8321533203125,0.08624798059463501,,,
ISO_TTL,0.012309675253111944,281.6036071777344,0.08876320719718933,,,
