,freq,OLR,ALB,OLR_TTL,ALB_TTL,TTL_FREQ
CAT1,1.7788972289240361,102.05097961425781,0.6930734515190125,99.72785186767578,0.6977037787437439,0.01629389800967408
CAT2,15.419740023774517,170.425048828125,0.3354797959327698,146.98712158203125,0.4070896804332733,0.09173423764948205
CAT3,35.507039612459145,279.1943664550781,0.08805372565984726,280.3409118652344,0.08718528598546982,0.15429175027010342
CS,47.2943231348423,295.591796875,0.08256103098392487,,,
ISO_TTL,0.01403051265943322,292.7720031738281,0.08305557817220688,,,
