,freq,OLR,ALB,OLR_TTL,ALB_TTL,TTL_FREQ
CAT1,3.1810019223074892,-135.59375,0.5764149828665958,-128.84375,0.5336449485123144,0.011770084605452537
CAT2,20.37576555294329,-210.03125,0.3190912490650711,-157.0,0.3998638620489974,0.02211078649296415
CAT3,26.50422106630207,-264.875,0.21153398266976406,-252.3828125,0.22352561560107498,0.05481674239372777
CS,49.939011458447155,-294.9375,0.1997994585353912,,,
ISO_TTL,0.011918729790605168,-290.625,0.1934319718850595,,,
