,freq,OLR,ALB,OLR_TTL,ALB_TTL
CAT1,1.4385662166010733,144.0,0.5721667455551818,136.0,0.6068652006486221
CAT2,18.27081002572868,205.25,0.2522613757707278,161.4375,0.39892930145030986
CAT3,28.97425692278383,272.3125,0.10415704949099833,264.296875,0.13252420028499828
CS,51.316366834886416,292.671875,0.07371642632217806,,
ISO_TTL,0.011013192509231513,289.5,0.07508225845332268,,
