,CCCM,NICAM,FV3,ICON,SAM
CAT1,,60.83408728009999,54.25177153880213,57.8481910709952,59.53967691268008
CAT2,,56.56337030158102,52.01449906075868,51.836640282694134,43.61687833954056
CAT3,,47.702284764995056,45.802627916542406,46.12925981711396,34.24115281972081
CS,,46.18149398489004,42.34663240411828,41.18167300002824,31.975515004793124
