,freq,OLR,ALB,OLR_TTL,ALB_TTL,TTL_FREQ
CAT1,3.0729786583349865,126.5518569946289,0.6462662220001221,124.98987579345703,0.6472294926643372,0.029779168192615425
CAT2,38.750701777475975,220.76895141601562,0.25685057044029236,161.65756225585938,0.36932942271232605,0.10181499683365633
CAT3,49.99688054745955,276.6039123535156,0.23449404537677765,263.4017639160156,0.23488962650299072,0.6917188906734012
CS,8.179439016729486,303.0811767578125,0.25937312841415405,,,
ISO_TTL,0.09008227883915991,294.00408935546875,0.24615606665611267,,,
