,freq,OLR,ALB,OLR_TTL,ALB_TTL
CAT1,2.1106111424546103,103.76284790039062,0.5690608620643616,98.45662689208984,0.570425271987915
CAT2,39.585953038938186,165.79705810546875,0.24915863573551178,123.12909698486328,0.3557586967945099
CAT3,35.95113641434619,270.6298828125,0.09137952327728271,246.45700073242188,0.1116652637720108
CS,22.352299404261018,285.47705078125,0.08042829483747482,,
ISO_TTL,0.042932791303294575,281.9380798339844,0.08186811208724976,,
