,CCCM,NICAM,FV3,ICON,SAM
CAT1,,,48.93329886673018,48.81705917145928,58.20073256901378
CAT2,,,49.66162893085129,46.63107083309842,55.50705973144795
CAT3,,,48.74105283233803,44.67468225614357,52.91346481647997
CS,,,46.23079413434607,42.61526184034756,50.150292196369264
