,CCCM,NICAM,FV3,ICON,SAM
CAT1,,61.80691868507074,56.852696320398536,57.84623853437188,60.4671096400707
CAT2,,59.70547378734864,56.05041961011011,55.00078276108479,56.49931317125811
CAT3,,57.83151411012932,53.89948921951145,52.62078253859772,50.46310943091521
CS,,56.70977611302169,51.04638382900521,50.704751321175536,47.17126281375022
